{"cameraMode":{"drawMode":0,"name":"Shaded","section":"Shading Mode"},"sceneLighting":true,"audioPlay":false,"sceneViewState":{"m_AlwaysRefresh":false,"showFog":true,"showSkybox":true,"showFlares":true,"showImageEffects":true,"showParticleSystems":true,"showVisualEffectGraphs":true,"m_FxEnabled":true},"in2DMode":false,"pivot":{"x":5.199999809265137,"y":10.700000762939454,"z":24.700000762939454},"rotation":{"x":-0.137345552444458,"y":0.21917329728603364,"z":-0.031178457662463189,"w":-0.9654752612113953},"size":12.124356269836426,"orthographic":false}